Category,Formant,CF,CF_Freq,GW_Distance,NumSamples,PerturbationType
Stop,F1,CF2,500,0.239,5720,loss
Stop,F1,CF2,500,0.228,5869,truncation
Flap,F1,CF1,250,0.191,206,loss
Flap,F1,CF2,500,0.178,206,loss
Flap,F1,CF3,1000,0.18,206,loss
Flap,F1,CF4,2000,0.215,206,loss
Flap,F1,CF6,8000,0.212,206,loss
Flap,F1,CF5,4000,0.146,206,loss
Flap,F2,CF2,500,0.198,206,loss
Flap,F2,CF1,250,0.21,206,loss
Flap,F2,CF3,1000,0.208,206,loss
Flap,F2,CF5,4000,0.17,206,loss
Flap,F2,CF4,2000,0.243,206,loss
Flap,F2,CF6,8000,0.233,206,loss
Flap,F3,CF1,250,0.231,206,loss
Flap,F3,CF2,500,0.223,206,loss
Flap,F3,CF3,1000,0.231,206,loss
Flap,F3,CF4,2000,0.273,206,loss
Flap,F3,CF5,4000,0.189,206,loss
Flap,F1,CF1,250,0.152,176,truncation
Flap,F3,CF6,8000,0.255,206,loss
Flap,F1,CF2,500,0.154,176,truncation
Flap,F1,CF5,4000,0.119,176,truncation
Flap,F1,CF3,1000,0.123,176,truncation
Flap,F1,CF4,2000,0.141,176,truncation
Flap,F1,CF6,8000,0.18,176,truncation
Flap,F2,CF1,250,0.171,176,truncation
Flap,F2,CF2,500,0.156,176,truncation
Flap,F2,CF3,1000,0.133,176,truncation
Flap,F2,CF6,8000,0.204,176,truncation
Flap,F2,CF4,2000,0.143,176,truncation
Flap,F2,CF5,4000,0.144,176,truncation
Flap,F3,CF1,250,0.204,176,truncation
Flap,F3,CF3,1000,0.168,176,truncation
Flap,F3,CF2,500,0.198,176,truncation
Flap,F3,CF4,2000,0.179,176,truncation
Flap,F3,CF5,4000,0.176,176,truncation
Flap,F3,CF6,8000,0.239,176,truncation
Flap,F1,CF1,250,0.251,260,jitter
Flap,F1,CF3,1000,0.239,260,jitter
Flap,F1,CF2,500,0.193,260,jitter
Flap,F1,CF4,2000,0.217,260,jitter
Flap,F1,CF5,4000,0.244,260,jitter
Flap,F1,CF6,8000,0.249,260,jitter
Flap,F2,CF1,250,0.231,260,jitter
Flap,F2,CF2,500,0.177,260,jitter
Flap,F2,CF3,1000,0.216,260,jitter
Flap,F2,CF4,2000,0.201,260,jitter
Flap,F2,CF6,8000,0.236,260,jitter
Flap,F3,CF1,250,0.264,260,jitter
Flap,F2,CF5,4000,0.219,260,jitter
Flap,F3,CF2,500,0.207,260,jitter
Flap,F3,CF3,1000,0.252,260,jitter
Flap,F3,CF4,2000,0.22,260,jitter
Flap,F3,CF5,4000,0.256,260,jitter
Flap,F1,CF1,250,0.19,276,scattered_jitter
Flap,F3,CF6,8000,0.266,260,jitter
Flap,F1,CF3,1000,0.203,276,scattered_jitter
Flap,F1,CF2,500,0.214,276,scattered_jitter
Flap,F1,CF4,2000,0.159,276,scattered_jitter
Flap,F1,CF5,4000,0.175,276,scattered_jitter
Flap,F2,CF1,250,0.205,276,scattered_jitter
Flap,F1,CF6,8000,0.171,276,scattered_jitter
Flap,F2,CF2,500,0.224,276,scattered_jitter
Flap,F2,CF3,1000,0.214,276,scattered_jitter
Flap,F2,CF6,8000,0.18,276,scattered_jitter
Flap,F3,CF1,250,0.221,276,scattered_jitter
Flap,F3,CF2,500,0.251,276,scattered_jitter
Flap,F2,CF5,4000,0.189,276,scattered_jitter
Flap,F2,CF4,2000,0.168,276,scattered_jitter
Epenthetic,F1,CF1,250,0.212,119,loss
Epenthetic,F1,CF2,500,0.212,119,loss
Epenthetic,F1,CF3,1000,0.193,119,loss
Flap,F3,CF3,1000,0.233,276,scattered_jitter
Flap,F3,CF4,2000,0.187,276,scattered_jitter
Flap,F3,CF6,8000,0.197,276,scattered_jitter
Epenthetic,F1,CF4,2000,0.177,119,loss
Epenthetic,F1,CF5,4000,0.224,119,loss
Epenthetic,F1,CF6,8000,0.186,119,loss
Flap,F3,CF5,4000,0.2,276,scattered_jitter
Epenthetic,F2,CF1,250,0.179,119,loss
Epenthetic,F2,CF2,500,0.177,119,loss
Epenthetic,F2,CF3,1000,0.161,119,loss
Epenthetic,F2,CF4,2000,0.152,119,loss
Epenthetic,F2,CF5,4000,0.183,119,loss
Epenthetic,F2,CF6,8000,0.159,119,loss
Epenthetic,F3,CF2,500,0.238,119,loss
Epenthetic,F3,CF1,250,0.236,119,loss
Epenthetic,F3,CF3,1000,0.216,119,loss
Epenthetic,F1,CF1,250,0.134,71,truncation
Epenthetic,F3,CF4,2000,0.199,119,loss
Epenthetic,F1,CF2,500,0.069,71,truncation
Epenthetic,F3,CF5,4000,0.242,119,loss
Epenthetic,F1,CF3,1000,0.095,71,truncation
Epenthetic,F3,CF6,8000,0.216,119,loss
Epenthetic,F1,CF4,2000,0.148,71,truncation
Epenthetic,F1,CF5,4000,0.16,71,truncation
Epenthetic,F1,CF6,8000,0.166,71,truncation
Epenthetic,F2,CF1,250,0.135,71,truncation
Epenthetic,F2,CF2,500,0.069,71,truncation
Epenthetic,F2,CF3,1000,0.092,71,truncation
Epenthetic,F2,CF4,2000,0.147,71,truncation
Epenthetic,F2,CF5,4000,0.155,71,truncation
Epenthetic,F2,CF6,8000,0.166,71,truncation
Epenthetic,F3,CF1,250,0.177,71,truncation
Epenthetic,F3,CF2,500,0.1,71,truncation
Epenthetic,F3,CF3,1000,0.129,71,truncation
Epenthetic,F3,CF4,2000,0.197,71,truncation
Epenthetic,F3,CF5,4000,0.199,71,truncation
Epenthetic,F3,CF6,8000,0.213,71,truncation
Epenthetic,F1,CF1,250,0.159,87,jitter
Epenthetic,F1,CF3,1000,0.163,87,jitter
Epenthetic,F1,CF2,500,0.174,87,jitter
Epenthetic,F1,CF4,2000,0.21,87,jitter
Epenthetic,F1,CF5,4000,0.113,87,jitter
Epenthetic,F1,CF6,8000,0.169,87,jitter
Epenthetic,F2,CF1,250,0.085,87,jitter
Epenthetic,F2,CF2,500,0.088,87,jitter
Epenthetic,F2,CF3,1000,0.079,87,jitter
Epenthetic,F2,CF5,4000,0.06,87,jitter
Epenthetic,F2,CF4,2000,0.115,87,jitter
Epenthetic,F2,CF6,8000,0.09,87,jitter
Epenthetic,F3,CF1,250,0.186,87,jitter
Epenthetic,F3,CF2,500,0.197,87,jitter
Epenthetic,F3,CF3,1000,0.182,87,jitter
Epenthetic,F3,CF4,2000,0.229,87,jitter
Epenthetic,F3,CF5,4000,0.135,87,jitter
Epenthetic,F3,CF6,8000,0.195,87,jitter
Epenthetic,F1,CF3,1000,0.2,117,scattered_jitter
Epenthetic,F1,CF1,250,0.206,117,scattered_jitter
Epenthetic,F1,CF4,2000,0.206,117,scattered_jitter
Epenthetic,F1,CF5,4000,0.168,117,scattered_jitter
Epenthetic,F1,CF6,8000,0.198,117,scattered_jitter
Epenthetic,F2,CF1,250,0.176,117,scattered_jitter
Epenthetic,F2,CF2,500,0.197,117,scattered_jitter
Epenthetic,F2,CF3,1000,0.17,117,scattered_jitter
Epenthetic,F2,CF4,2000,0.176,117,scattered_jitter
Epenthetic,F1,CF2,500,0.225,117,scattered_jitter
Epenthetic,F2,CF5,4000,0.14,117,scattered_jitter
Epenthetic,F2,CF6,8000,0.168,117,scattered_jitter
Vowel,F1,CF6,8000,0.093,1000,loss
Vowel,F3,CF4,2000,0.102,1000,loss
Vowel,F2,CF2,500,0.07,1000,loss
Vowel,F2,CF1,250,0.116,1000,loss
Vowel,F1,CF3,1000,0.063,1000,loss
Vowel,F1,CF5,4000,0.066,1000,loss
Vowel,F1,CF1,250,0.101,1000,loss
Vowel,F1,CF4,2000,0.061,1000,loss
Vowel,F1,CF2,500,0.059,1000,loss
Vowel,F1,CF1,250,0.078,1000,truncation
Vowel,F2,CF5,4000,0.079,1000,loss
Vowel,F3,CF3,1000,0.101,1000,loss
Vowel,F2,CF6,8000,0.107,1000,loss
Vowel,F3,CF2,500,0.094,1000,loss
Vowel,F2,CF4,2000,0.073,1000,loss
Vowel,F2,CF3,1000,0.076,1000,loss
Vowel,F3,CF6,8000,0.14,1000,loss
Vowel,F3,CF5,4000,0.11,1000,loss
Vowel,F3,CF1,250,0.15,1000,loss
Vowel,F1,CF2,500,0.047,1000,truncation
Vowel,F1,CF5,4000,0.049,1000,truncation
Vowel,F2,CF5,4000,0.058,1000,truncation
Vowel,F2,CF1,250,0.098,1000,truncation
Vowel,F3,CF2,500,0.08,1000,truncation
Vowel,F1,CF4,2000,0.046,1000,truncation
Vowel,F1,CF4,2000,0.045,1000,jitter
Vowel,F1,CF3,1000,0.054,1000,truncation
Vowel,F2,CF3,1000,0.072,1000,truncation
Vowel,F3,CF5,4000,0.085,1000,truncation
Vowel,F3,CF3,1000,0.093,1000,truncation
Vowel,F1,CF2,500,0.057,1000,jitter
Vowel,F2,CF2,500,0.063,1000,truncation
Vowel,F2,CF6,8000,0.099,1000,truncation
Vowel,F3,CF6,8000,0.123,1000,truncation
Vowel,F1,CF6,8000,0.079,1000,truncation
Vowel,F1,CF3,1000,0.051,1000,jitter
Vowel,F3,CF1,250,0.121,1000,truncation
Vowel,F3,CF4,2000,0.083,1000,truncation
Vowel,F1,CF1,250,0.092,1000,jitter
Vowel,F2,CF4,2000,0.062,1000,truncation
Vowel,F2,CF5,4000,0.081,1000,jitter
Vowel,F3,CF4,2000,0.089,1000,jitter
Vowel,F2,CF3,1000,0.068,1000,jitter
Vowel,F1,CF6,8000,0.092,1000,jitter
Vowel,F2,CF1,250,0.122,1000,jitter
Vowel,F2,CF2,500,0.086,1000,jitter
Vowel,F2,CF4,2000,0.072,1000,jitter
Vowel,F3,CF2,500,0.104,1000,jitter
Vowel,F3,CF1,250,0.147,1000,jitter
Vowel,F2,CF6,8000,0.12,1000,jitter
Vowel,F3,CF3,1000,0.095,1000,jitter
Vowel,F1,CF5,4000,0.058,1000,jitter
Vowel,F3,CF6,8000,0.142,1000,jitter
Vowel,F1,CF6,8000,0.093,1000,scattered_jitter
Vowel,F1,CF2,500,0.048,1000,scattered_jitter
Vowel,F1,CF1,250,0.086,1000,scattered_jitter
Vowel,F1,CF3,1000,0.059,1000,scattered_jitter
Vowel,F3,CF5,4000,0.111,1000,jitter
Vowel,F1,CF4,2000,0.054,1000,scattered_jitter
Vowel,F1,CF5,4000,0.056,1000,scattered_jitter
Vowel,F2,CF5,4000,0.063,1000,scattered_jitter
Vowel,F2,CF4,2000,0.067,1000,scattered_jitter
Vowel,F2,CF2,500,0.053,1000,scattered_jitter
Vowel,F2,CF1,250,0.1,1000,scattered_jitter
Vowel,F2,CF3,1000,0.076,1000,scattered_jitter
Vowel,F3,CF4,2000,0.089,1000,scattered_jitter
Vowel,F3,CF3,1000,0.099,1000,scattered_jitter
Stop,F1,CF1,250,0.25,1000,loss
Stop,F1,CF4,2000,0.216,1000,loss
Vowel,F3,CF5,4000,0.093,1000,scattered_jitter
Stop,F1,CF3,1000,0.206,1000,loss
Stop,F1,CF5,4000,0.216,1000,loss
Vowel,F3,CF2,500,0.081,1000,scattered_jitter
Vowel,F3,CF1,250,0.131,1000,scattered_jitter
Stop,F1,CF6,8000,0.247,1000,loss
Vowel,F2,CF6,8000,0.1,1000,scattered_jitter
Vowel,F3,CF6,8000,0.131,1000,scattered_jitter
Stop,F2,CF1,250,0.242,1000,loss
Stop,F2,CF2,500,0.216,1000,loss
Stop,F2,CF5,4000,0.207,1000,loss
Stop,F2,CF3,1000,0.198,1000,loss
Stop,F3,CF3,1000,0.256,1000,loss
Stop,F2,CF4,2000,0.207,1000,loss
Stop,F1,CF3,1000,0.215,1000,truncation
Stop,F2,CF6,8000,0.239,1000,loss
Stop,F3,CF4,2000,0.267,1000,loss
Stop,F1,CF1,250,0.245,1000,truncation
Stop,F3,CF5,4000,0.267,1000,loss
Stop,F3,CF2,500,0.274,1000,loss
Stop,F3,CF6,8000,0.3,1000,loss
Stop,F1,CF4,2000,0.209,1000,truncation
Stop,F1,CF5,4000,0.201,1000,truncation
Stop,F2,CF3,1000,0.221,1000,truncation
Stop,F3,CF1,250,0.303,1000,loss
Stop,F1,CF6,8000,0.243,1000,truncation
Stop,F2,CF1,250,0.249,1000,truncation
Stop,F2,CF4,2000,0.213,1000,truncation
Stop,F2,CF2,500,0.225,1000,truncation
Stop,F2,CF5,4000,0.205,1000,truncation
Stop,F1,CF6,8000,0.251,1000,jitter
Stop,F2,CF4,2000,0.215,1000,jitter
Stop,F3,CF3,1000,0.275,1000,truncation
Stop,F3,CF4,2000,0.268,1000,truncation
Stop,F2,CF5,4000,0.215,1000,jitter
Stop,F1,CF2,500,0.214,1000,jitter
Stop,F1,CF1,250,0.257,1000,jitter
Stop,F3,CF2,500,0.279,1000,truncation
Stop,F2,CF6,8000,0.248,1000,truncation
Stop,F1,CF5,4000,0.223,1000,jitter
Stop,F2,CF3,1000,0.217,1000,jitter
Stop,F3,CF5,4000,0.258,1000,truncation
Stop,F1,CF4,2000,0.222,1000,jitter
Stop,F2,CF2,500,0.208,1000,jitter
Stop,F3,CF1,250,0.307,1000,truncation
Stop,F3,CF6,8000,0.305,1000,truncation
Stop,F2,CF1,250,0.251,1000,jitter
Stop,F1,CF3,1000,0.223,1000,jitter
Stop,F2,CF6,8000,0.246,1000,jitter
Stop,F3,CF3,1000,0.259,1000,jitter
Stop,F3,CF2,500,0.25,1000,jitter
Stop,F3,CF4,2000,0.258,1000,jitter
Stop,F1,CF1,250,0.265,1000,scattered_jitter
Stop,F3,CF1,250,0.295,1000,jitter
Stop,F1,CF5,4000,0.234,1000,scattered_jitter
Stop,F1,CF4,2000,0.231,1000,scattered_jitter
Stop,F1,CF2,500,0.234,1000,scattered_jitter
Stop,F1,CF6,8000,0.249,1000,scattered_jitter
Stop,F2,CF1,250,0.241,1000,scattered_jitter
Stop,F3,CF5,4000,0.259,1000,jitter
Stop,F2,CF2,500,0.212,1000,scattered_jitter
Stop,F2,CF6,8000,0.226,1000,scattered_jitter
Stop,F3,CF2,500,0.263,1000,scattered_jitter
Stop,F2,CF3,1000,0.218,1000,scattered_jitter
Stop,F1,CF3,1000,0.241,1000,scattered_jitter
Stop,F3,CF6,8000,0.289,1000,jitter
Stop,F2,CF4,2000,0.208,1000,scattered_jitter
Stop,F3,CF1,250,0.295,1000,scattered_jitter
Stop,F2,CF5,4000,0.21,1000,scattered_jitter
Stop,F3,CF3,1000,0.271,1000,scattered_jitter
Stop,F3,CF5,4000,0.262,1000,scattered_jitter
Stop,F3,CF4,2000,0.259,1000,scattered_jitter
Stop,F3,CF6,8000,0.278,1000,scattered_jitter
Epenthetic,F3,CF1,250,0.225,117,scattered_jitter
Epenthetic,F3,CF2,500,0.247,117,scattered_jitter
Epenthetic,F3,CF3,1000,0.215,117,scattered_jitter
Epenthetic,F3,CF4,2000,0.23,117,scattered_jitter
Epenthetic,F3,CF5,4000,0.186,117,scattered_jitter
Epenthetic,F3,CF6,8000,0.218,117,scattered_jitter
Silence,F1,CF1,250,0.121,1000,loss
Silence,F1,CF2,500,0.112,1000,loss
Silence,F1,CF3,1000,0.119,1000,loss
Silence,F1,CF4,2000,0.104,1000,loss
Silence,F1,CF6,8000,0.149,1000,loss
Silence,F2,CF6,8000,0.125,1000,loss
Silence,F1,CF5,4000,0.127,1000,loss
Silence,F2,CF1,250,0.099,1000,loss
Silence,F2,CF5,4000,0.105,1000,loss
Silence,F2,CF3,1000,0.098,1000,loss
Silence,F2,CF2,500,0.091,1000,loss
Silence,F2,CF4,2000,0.084,1000,loss
Silence,F3,CF5,4000,0.138,1000,loss
Silence,F1,CF4,2000,0.066,1000,truncation
Silence,F3,CF2,500,0.122,1000,loss
Silence,F2,CF4,2000,0.046,1000,truncation
Silence,F1,CF1,250,0.181,1000,truncation
Silence,F2,CF2,500,0.121,1000,truncation
Silence,F1,CF2,500,0.154,1000,truncation
Silence,F1,CF3,1000,0.152,1000,truncation
Silence,F3,CF6,8000,0.161,1000,loss
Silence,F3,CF4,2000,0.114,1000,loss
Silence,F1,CF5,4000,0.163,1000,truncation
Silence,F2,CF6,8000,0.143,1000,truncation
Silence,F3,CF2,500,0.153,1000,truncation
Silence,F1,CF6,8000,0.18,1000,truncation
Silence,F3,CF3,1000,0.129,1000,loss
Silence,F2,CF1,250,0.145,1000,truncation
Silence,F3,CF1,250,0.13,1000,loss
Silence,F3,CF1,250,0.181,1000,truncation
Silence,F2,CF3,1000,0.119,1000,truncation
Silence,F2,CF5,4000,0.129,1000,truncation
Silence,F3,CF3,1000,0.151,1000,truncation
Silence,F1,CF1,250,0.145,1000,jitter
Silence,F1,CF4,2000,0.108,1000,jitter
Silence,F1,CF5,4000,0.069,1000,jitter
Silence,F3,CF5,4000,0.162,1000,truncation
Silence,F3,CF6,8000,0.179,1000,truncation
Silence,F1,CF2,500,0.067,1000,jitter
Silence,F3,CF4,2000,0.065,1000,truncation
Silence,F2,CF1,250,0.104,1000,jitter
Silence,F1,CF6,8000,0.157,1000,jitter
Silence,F1,CF3,1000,0.139,1000,jitter
Silence,F2,CF4,2000,0.074,1000,jitter
Silence,F2,CF5,4000,0.044,1000,jitter
Silence,F2,CF6,8000,0.114,1000,jitter
Silence,F3,CF2,500,0.065,1000,jitter
Silence,F3,CF3,1000,0.136,1000,jitter
Silence,F2,CF3,1000,0.101,1000,jitter
Silence,F3,CF1,250,0.143,1000,jitter
Silence,F2,CF2,500,0.042,1000,jitter
Silence,F3,CF4,2000,0.106,1000,jitter
Silence,F1,CF3,1000,0.09,1000,scattered_jitter
Silence,F1,CF1,250,0.141,1000,scattered_jitter
Silence,F1,CF6,8000,0.16,1000,scattered_jitter
Silence,F1,CF2,500,0.105,1000,scattered_jitter
Silence,F1,CF4,2000,0.108,1000,scattered_jitter
Silence,F2,CF4,2000,0.08,1000,scattered_jitter
Silence,F1,CF5,4000,0.096,1000,scattered_jitter
Silence,F3,CF6,8000,0.154,1000,jitter
Silence,F2,CF3,1000,0.065,1000,scattered_jitter
Silence,F3,CF5,4000,0.066,1000,jitter
Silence,F2,CF1,250,0.108,1000,scattered_jitter
Silence,F2,CF5,4000,0.069,1000,scattered_jitter
Silence,F2,CF2,500,0.078,1000,scattered_jitter
Silence,F3,CF1,250,0.152,1000,scattered_jitter
Silence,F2,CF6,8000,0.125,1000,scattered_jitter
Silence,F3,CF3,1000,0.099,1000,scattered_jitter
Silence,F3,CF6,8000,0.172,1000,scattered_jitter
Silence,F3,CF5,4000,0.104,1000,scattered_jitter
Silence,F3,CF2,500,0.115,1000,scattered_jitter
Silence,F3,CF4,2000,0.118,1000,scattered_jitter
Fricative,F1,CF2,500,0.092,1000,loss
Fricative,F1,CF4,2000,0.086,1000,loss
Fricative,F2,CF3,1000,0.086,1000,loss
Fricative,F1,CF3,1000,0.078,1000,loss
Fricative,F1,CF1,250,0.123,1000,loss
Fricative,F3,CF2,500,0.131,1000,loss
Fricative,F1,CF5,4000,0.104,1000,loss
Fricative,F2,CF1,250,0.133,1000,loss
Fricative,F3,CF6,8000,0.166,1000,loss
Fricative,F1,CF2,500,0.069,1000,truncation
Fricative,F2,CF4,2000,0.095,1000,loss
Fricative,F2,CF2,500,0.101,1000,loss
Fricative,F2,CF5,4000,0.109,1000,loss
Fricative,F2,CF6,8000,0.131,1000,loss
Fricative,F1,CF6,8000,0.124,1000,loss
Fricative,F3,CF4,2000,0.124,1000,loss
Fricative,F3,CF3,1000,0.114,1000,loss
Fricative,F1,CF1,250,0.106,1000,truncation
Fricative,F3,CF5,4000,0.139,1000,loss
Fricative,F3,CF1,250,0.167,1000,loss
Fricative,F1,CF3,1000,0.066,1000,truncation
Fricative,F2,CF5,4000,0.099,1000,truncation
Fricative,F1,CF2,500,0.086,1000,jitter
Fricative,F1,CF4,2000,0.073,1000,truncation
Fricative,F2,CF2,500,0.094,1000,truncation
Fricative,F1,CF5,4000,0.072,1000,truncation
Fricative,F2,CF1,250,0.136,1000,truncation
Fricative,F2,CF6,8000,0.137,1000,truncation
Fricative,F2,CF3,1000,0.091,1000,truncation
Fricative,F3,CF2,500,0.108,1000,truncation
Fricative,F1,CF6,8000,0.107,1000,truncation
Fricative,F3,CF1,250,0.153,1000,truncation
Fricative,F2,CF4,2000,0.102,1000,truncation
Fricative,F3,CF4,2000,0.115,1000,truncation
Fricative,F3,CF3,1000,0.105,1000,truncation
Fricative,F1,CF1,250,0.107,1000,jitter
Fricative,F3,CF5,4000,0.111,1000,truncation
Fricative,F3,CF6,8000,0.154,1000,truncation
Fricative,F1,CF3,1000,0.077,1000,jitter
Fricative,F1,CF4,2000,0.08,1000,jitter
Fricative,F2,CF5,4000,0.098,1000,jitter
Fricative,F1,CF5,4000,0.077,1000,jitter
Fricative,F2,CF3,1000,0.099,1000,jitter
Fricative,F2,CF2,500,0.11,1000,jitter
Fricative,F1,CF6,8000,0.109,1000,jitter
Fricative,F3,CF1,250,0.162,1000,jitter
Fricative,F1,CF1,250,0.123,1000,scattered_jitter
Fricative,F2,CF1,250,0.127,1000,jitter
Fricative,F3,CF6,8000,0.167,1000,jitter
Fricative,F3,CF5,4000,0.127,1000,jitter
Fricative,F1,CF6,8000,0.115,1000,scattered_jitter
Fricative,F3,CF3,1000,0.129,1000,jitter
Fricative,F3,CF2,500,0.142,1000,jitter
Fricative,F2,CF4,2000,0.102,1000,jitter
Fricative,F3,CF4,2000,0.133,1000,jitter
Fricative,F1,CF2,500,0.075,1000,scattered_jitter
Fricative,F2,CF6,8000,0.131,1000,jitter
Fricative,F1,CF4,2000,0.073,1000,scattered_jitter
Fricative,F1,CF5,4000,0.076,1000,scattered_jitter
Fricative,F1,CF3,1000,0.088,1000,scattered_jitter
Fricative,F3,CF5,4000,0.13,1000,scattered_jitter
Liquid,F1,CF5,4000,0.046,1000,loss
Fricative,F2,CF3,1000,0.103,1000,scattered_jitter
Fricative,F2,CF4,2000,0.092,1000,scattered_jitter
Fricative,F2,CF2,500,0.095,1000,scattered_jitter
Fricative,F2,CF1,250,0.139,1000,scattered_jitter
Liquid,F1,CF2,500,0.04,1000,loss
Fricative,F2,CF5,4000,0.094,1000,scattered_jitter
Fricative,F2,CF6,8000,0.138,1000,scattered_jitter
Fricative,F3,CF3,1000,0.142,1000,scattered_jitter
Fricative,F3,CF4,2000,0.129,1000,scattered_jitter
Fricative,F3,CF2,500,0.133,1000,scattered_jitter
Liquid,F1,CF4,2000,0.041,1000,loss
Fricative,F3,CF6,8000,0.183,1000,scattered_jitter
Liquid,F1,CF3,1000,0.032,1000,loss
Liquid,F1,CF6,8000,0.052,1000,loss
Liquid,F1,CF1,250,0.059,1000,loss
Fricative,F3,CF1,250,0.183,1000,scattered_jitter
Liquid,F2,CF1,250,0.07,1000,loss
Liquid,F2,CF2,500,0.057,1000,loss
Liquid,F2,CF3,1000,0.036,1000,loss
Liquid,F3,CF3,1000,0.037,1000,loss
Liquid,F3,CF5,4000,0.055,1000,loss
Liquid,F2,CF6,8000,0.069,1000,loss
Liquid,F1,CF1,250,0.065,1000,truncation
Liquid,F1,CF3,1000,0.038,1000,truncation
Liquid,F3,CF1,250,0.069,1000,loss
Liquid,F3,CF2,500,0.047,1000,loss
Liquid,F2,CF5,4000,0.054,1000,loss
Liquid,F2,CF3,1000,0.053,1000,truncation
Liquid,F1,CF4,2000,0.049,1000,truncation
Liquid,F3,CF4,2000,0.049,1000,loss
Liquid,F2,CF4,2000,0.06,1000,loss
Liquid,F1,CF2,500,0.043,1000,truncation
Liquid,F1,CF5,4000,0.033,1000,truncation
Liquid,F2,CF2,500,0.042,1000,truncation
Liquid,F2,CF4,2000,0.049,1000,truncation
Liquid,F3,CF6,8000,0.064,1000,loss
Liquid,F1,CF6,8000,0.06,1000,truncation
Liquid,F2,CF1,250,0.075,1000,truncation
Liquid,F1,CF2,500,0.047,1000,jitter
Liquid,F2,CF5,4000,0.032,1000,truncation
Liquid,F3,CF3,1000,0.046,1000,truncation
Liquid,F1,CF1,250,0.066,1000,jitter
Liquid,F3,CF1,250,0.091,1000,truncation
Liquid,F1,CF4,2000,0.047,1000,jitter
Liquid,F3,CF5,4000,0.04,1000,truncation
Liquid,F3,CF4,2000,0.058,1000,truncation
Liquid,F3,CF2,500,0.051,1000,truncation
Liquid,F3,CF6,8000,0.088,1000,truncation
Liquid,F2,CF2,500,0.065,1000,jitter
Liquid,F1,CF3,1000,0.042,1000,jitter
Liquid,F2,CF3,1000,0.055,1000,jitter
Liquid,F1,CF5,4000,0.046,1000,jitter
Liquid,F2,CF1,250,0.085,1000,jitter
Liquid,F2,CF6,8000,0.062,1000,truncation
Liquid,F1,CF6,8000,0.072,1000,jitter
Liquid,F2,CF4,2000,0.068,1000,jitter
Liquid,F2,CF5,4000,0.05,1000,jitter
Liquid,F2,CF6,8000,0.091,1000,jitter
Liquid,F1,CF5,4000,0.032,1000,scattered_jitter
Liquid,F3,CF2,500,0.074,1000,jitter
Liquid,F1,CF4,2000,0.045,1000,scattered_jitter
Liquid,F3,CF5,4000,0.052,1000,jitter
Liquid,F2,CF5,4000,0.034,1000,scattered_jitter
Liquid,F1,CF2,500,0.038,1000,scattered_jitter
Liquid,F3,CF4,2000,0.056,1000,jitter
Liquid,F1,CF1,250,0.056,1000,scattered_jitter
Liquid,F1,CF3,1000,0.042,1000,scattered_jitter
Liquid,F3,CF1,250,0.095,1000,jitter
Liquid,F2,CF1,250,0.075,1000,scattered_jitter
Liquid,F3,CF3,1000,0.063,1000,jitter
Liquid,F2,CF4,2000,0.06,1000,scattered_jitter
Liquid,F3,CF6,8000,0.101,1000,jitter
Liquid,F2,CF3,1000,0.045,1000,scattered_jitter
Liquid,F3,CF2,500,0.059,1000,scattered_jitter
Liquid,F2,CF2,500,0.055,1000,scattered_jitter
Liquid,F3,CF1,250,0.08,1000,scattered_jitter
Liquid,F1,CF6,8000,0.064,1000,scattered_jitter
Liquid,F2,CF6,8000,0.068,1000,scattered_jitter
Liquid,F3,CF3,1000,0.063,1000,scattered_jitter
Liquid,F3,CF6,8000,0.089,1000,scattered_jitter
Liquid,F3,CF5,4000,0.045,1000,scattered_jitter
Liquid,F3,CF4,2000,0.067,1000,scattered_jitter
Nasal,F1,CF3,1000,0.117,1000,loss
Nasal,F3,CF4,2000,0.195,1000,loss
Nasal,F1,CF5,4000,0.113,1000,loss
Nasal,F1,CF4,2000,0.115,1000,loss
Nasal,F2,CF3,1000,0.138,1000,loss
Nasal,F1,CF2,500,0.127,1000,loss
Nasal,F2,CF6,8000,0.174,1000,loss
Nasal,F2,CF4,2000,0.127,1000,loss
Nasal,F3,CF3,1000,0.202,1000,loss
Nasal,F2,CF5,4000,0.121,1000,loss
Nasal,F1,CF1,250,0.166,1000,loss
Nasal,F1,CF6,8000,0.159,1000,loss
Nasal,F3,CF1,250,0.262,1000,loss
Nasal,F2,CF2,500,0.13,1000,loss
Nasal,F2,CF1,250,0.188,1000,loss
Nasal,F3,CF2,500,0.204,1000,loss
Nasal,F2,CF1,250,0.154,1000,truncation
Nasal,F2,CF3,1000,0.131,1000,truncation
Nasal,F3,CF2,500,0.215,1000,truncation
Nasal,F1,CF2,500,0.124,1000,truncation
Nasal,F1,CF5,4000,0.132,1000,truncation
Nasal,F2,CF6,8000,0.161,1000,truncation
Nasal,F3,CF5,4000,0.192,1000,loss
Nasal,F1,CF4,2000,0.119,1000,truncation
Nasal,F1,CF6,8000,0.147,1000,truncation
Nasal,F2,CF2,500,0.137,1000,truncation
Nasal,F1,CF3,1000,0.117,1000,truncation
Nasal,F2,CF5,4000,0.145,1000,truncation
Nasal,F3,CF1,250,0.233,1000,truncation
Nasal,F1,CF1,250,0.141,1000,truncation
Nasal,F3,CF6,8000,0.253,1000,loss
Nasal,F2,CF4,2000,0.133,1000,truncation
Nasal,F3,CF3,1000,0.206,1000,truncation
Nasal,F3,CF5,4000,0.224,1000,truncation
Nasal,F3,CF6,8000,0.24,1000,truncation
Nasal,F3,CF4,2000,0.209,1000,truncation
Nasal,F2,CF1,250,0.153,1000,jitter
Nasal,F2,CF2,500,0.118,1000,jitter
Nasal,F1,CF3,1000,0.11,1000,jitter
Nasal,F3,CF3,1000,0.151,1000,jitter
Nasal,F2,CF4,2000,0.112,1000,jitter
Nasal,F1,CF1,250,0.149,1000,jitter
Nasal,F2,CF3,1000,0.113,1000,jitter
Nasal,F1,CF6,8000,0.143,1000,jitter
Nasal,F2,CF5,4000,0.121,1000,jitter
Nasal,F3,CF6,8000,0.186,1000,jitter
Nasal,F3,CF1,250,0.193,1000,jitter
Nasal,F1,CF4,2000,0.106,1000,jitter
Nasal,F1,CF1,250,0.172,1000,scattered_jitter
Nasal,F3,CF4,2000,0.149,1000,jitter
Nasal,F3,CF5,4000,0.151,1000,jitter
Nasal,F1,CF2,500,0.13,1000,scattered_jitter
Nasal,F1,CF2,500,0.112,1000,jitter
Nasal,F2,CF6,8000,0.149,1000,jitter
Nasal,F1,CF5,4000,0.11,1000,jitter
Nasal,F3,CF2,500,0.153,1000,jitter
Glottal Stop,F1,CF1,250,0.07,352,loss
Glottal Stop,F1,CF3,1000,0.041,352,loss
Glottal Stop,F1,CF4,2000,0.045,352,loss
Glottal Stop,F1,CF2,500,0.057,352,loss
Nasal,F2,CF2,500,0.147,1000,scattered_jitter
Nasal,F2,CF3,1000,0.134,1000,scattered_jitter
Nasal,F2,CF1,250,0.182,1000,scattered_jitter
Nasal,F1,CF3,1000,0.121,1000,scattered_jitter
Nasal,F3,CF4,2000,0.217,1000,scattered_jitter
Nasal,F1,CF6,8000,0.149,1000,scattered_jitter
Nasal,F2,CF6,8000,0.169,1000,scattered_jitter
Nasal,F1,CF4,2000,0.126,1000,scattered_jitter
Nasal,F2,CF4,2000,0.139,1000,scattered_jitter
Nasal,F2,CF5,4000,0.134,1000,scattered_jitter
Nasal,F3,CF6,8000,0.248,1000,scattered_jitter
Nasal,F3,CF2,500,0.229,1000,scattered_jitter
Nasal,F3,CF1,250,0.265,1000,scattered_jitter
Nasal,F1,CF5,4000,0.121,1000,scattered_jitter
Nasal,F3,CF3,1000,0.213,1000,scattered_jitter
Nasal,F3,CF5,4000,0.21,1000,scattered_jitter
Glottal Stop,F1,CF6,8000,0.08,352,loss
Glottal Stop,F1,CF5,4000,0.066,352,loss
Glottal Stop,F2,CF1,250,0.093,352,loss
Glottal Stop,F2,CF4,2000,0.065,352,loss
Glottal Stop,F2,CF3,1000,0.073,352,loss
Glottal Stop,F3,CF2,500,0.082,352,loss
Glottal Stop,F2,CF5,4000,0.095,352,loss
Glottal Stop,F2,CF2,500,0.079,352,loss
Glottal Stop,F2,CF6,8000,0.102,352,loss
Glottal Stop,F3,CF3,1000,0.071,352,loss
Glottal Stop,F3,CF1,250,0.102,352,loss
Glottal Stop,F3,CF6,8000,0.116,352,loss
Glottal Stop,F3,CF5,4000,0.102,352,loss
Glottal Stop,F3,CF4,2000,0.077,352,loss
Glottal Stop,F1,CF5,4000,0.047,512,truncation
Glottal Stop,F1,CF1,250,0.063,512,truncation
Glottal Stop,F1,CF6,8000,0.061,512,truncation
Glottal Stop,F1,CF4,2000,0.054,512,truncation
Glottal Stop,F1,CF2,500,0.048,512,truncation
Glottal Stop,F1,CF3,1000,0.039,512,truncation
Glottal Stop,F2,CF1,250,0.087,512,truncation
Glottal Stop,F2,CF3,1000,0.053,512,truncation
Glottal Stop,F2,CF5,4000,0.063,512,truncation
Glottal Stop,F2,CF2,500,0.051,512,truncation
Glottal Stop,F3,CF2,500,0.073,512,truncation
Glottal Stop,F2,CF4,2000,0.09,512,truncation
Glottal Stop,F3,CF3,1000,0.06,512,truncation
Glottal Stop,F3,CF1,250,0.109,512,truncation
Glottal Stop,F3,CF6,8000,0.111,512,truncation
Glottal Stop,F3,CF4,2000,0.097,512,truncation
Glottal Stop,F2,CF6,8000,0.083,512,truncation
Glottal Stop,F1,CF4,2000,0.044,506,jitter
Glottal Stop,F3,CF5,4000,0.086,512,truncation
Glottal Stop,F1,CF3,1000,0.046,506,jitter
Glottal Stop,F1,CF1,250,0.068,506,jitter
Glottal Stop,F2,CF2,500,0.05,506,jitter
Glottal Stop,F1,CF5,4000,0.049,506,jitter
Glottal Stop,F1,CF6,8000,0.049,506,jitter
Glottal Stop,F1,CF2,500,0.041,506,jitter
Glottal Stop,F2,CF1,250,0.076,506,jitter
Glottal Stop,F2,CF3,1000,0.069,506,jitter
Glottal Stop,F2,CF4,2000,0.058,506,jitter
Glottal Stop,F1,CF3,1000,0.071,409,scattered_jitter
Glottal Stop,F2,CF5,4000,0.067,506,jitter
Glottal Stop,F1,CF4,2000,0.065,409,scattered_jitter
Glottal Stop,F2,CF6,8000,0.069,506,jitter
Glottal Stop,F1,CF2,500,0.076,409,scattered_jitter
Glottal Stop,F3,CF1,250,0.097,506,jitter
Glottal Stop,F1,CF5,4000,0.054,409,scattered_jitter
Glottal Stop,F1,CF6,8000,0.066,409,scattered_jitter
Glottal Stop,F1,CF1,250,0.078,409,scattered_jitter
Glottal Stop,F3,CF3,1000,0.08,506,jitter
Glottal Stop,F3,CF4,2000,0.077,506,jitter
Glottal Stop,F3,CF2,500,0.069,506,jitter
Glottal Stop,F2,CF1,250,0.109,409,scattered_jitter
Glottal Stop,F3,CF5,4000,0.078,506,jitter
Glottal Stop,F3,CF6,8000,0.085,506,jitter
Glottal Stop,F2,CF3,1000,0.083,409,scattered_jitter
Glottal Stop,F2,CF2,500,0.087,409,scattered_jitter
Glottal Stop,F2,CF4,2000,0.093,409,scattered_jitter
Glottal Stop,F2,CF5,4000,0.078,409,scattered_jitter
Glottal Stop,F3,CF3,1000,0.107,409,scattered_jitter
Glottal Stop,F2,CF6,8000,0.088,409,scattered_jitter
Glottal Stop,F3,CF5,4000,0.111,409,scattered_jitter
Glottal Stop,F3,CF2,500,0.108,409,scattered_jitter
Glottal Stop,F3,CF4,2000,0.12,409,scattered_jitter
Glottal Stop,F3,CF1,250,0.136,409,scattered_jitter
Glottal Stop,F3,CF6,8000,0.119,409,scattered_jitter
Glide,F1,CF3,1000,0.044,545,loss
Glide,F1,CF5,4000,0.068,545,loss
Glide,F2,CF5,4000,0.032,545,loss
Glide,F1,CF2,500,0.035,545,loss
Glide,F1,CF4,2000,0.05,545,loss
Glide,F2,CF1,250,0.028,545,loss
Glide,F1,CF1,250,0.068,545,loss
Glide,F2,CF3,1000,0.017,545,loss
Glide,F2,CF2,500,0.02,545,loss
Glide,F2,CF4,2000,0.022,545,loss
Glide,F1,CF6,8000,0.094,545,loss
Glide,F2,CF6,8000,0.034,545,loss
Glide,F3,CF2,500,0.052,545,loss
Glide,F3,CF5,4000,0.067,545,loss
Glide,F3,CF4,2000,0.066,545,loss
Glide,F3,CF3,1000,0.066,545,loss
Glide,F1,CF1,250,0.073,518,truncation
Glide,F3,CF1,250,0.089,545,loss
Glide,F1,CF4,2000,0.03,518,truncation
Glide,F1,CF3,1000,0.028,518,truncation
Glide,F1,CF5,4000,0.033,518,truncation
Glide,F3,CF6,8000,0.116,545,loss
Glide,F1,CF2,500,0.04,518,truncation
Glide,F3,CF1,250,0.128,518,truncation
Glide,F2,CF5,4000,0.024,518,truncation
Glide,F2,CF1,250,0.059,518,truncation
Glide,F2,CF3,1000,0.034,518,truncation
Glide,F2,CF2,500,0.026,518,truncation
Glide,F2,CF6,8000,0.044,518,truncation
Glide,F2,CF4,2000,0.033,518,truncation
Glide,F1,CF6,8000,0.063,518,truncation
Glide,F3,CF2,500,0.083,518,truncation
Glide,F3,CF3,1000,0.065,518,truncation
Glide,F3,CF4,2000,0.07,518,truncation
Glide,F1,CF2,500,0.031,485,jitter
Glide,F1,CF3,1000,0.035,485,jitter
Glide,F1,CF1,250,0.053,485,jitter
Glide,F3,CF6,8000,0.107,518,truncation
Glide,F2,CF4,2000,0.025,485,jitter
Glide,F3,CF5,4000,0.075,518,truncation
Glide,F1,CF5,4000,0.024,485,jitter
Glide,F1,CF4,2000,0.035,485,jitter
Glide,F2,CF1,250,0.035,485,jitter
Glide,F2,CF3,1000,0.043,485,jitter
Glide,F3,CF1,250,0.1,485,jitter
Glide,F1,CF6,8000,0.049,485,jitter
Glide,F2,CF5,4000,0.015,485,jitter
Glide,F2,CF2,500,0.044,485,jitter
Glide,F2,CF6,8000,0.02,485,jitter
Glide,F3,CF2,500,0.072,485,jitter
Glide,F3,CF3,1000,0.072,485,jitter
Glide,F3,CF4,2000,0.07,485,jitter
Glide,F3,CF5,4000,0.057,485,jitter
Glide,F3,CF6,8000,0.087,485,jitter
Glide,F1,CF1,250,0.076,562,scattered_jitter
Glide,F1,CF3,1000,0.035,562,scattered_jitter
Glide,F1,CF6,8000,0.068,562,scattered_jitter
Glide,F2,CF1,250,0.046,562,scattered_jitter
Glide,F1,CF2,500,0.042,562,scattered_jitter
Glide,F1,CF5,4000,0.041,562,scattered_jitter
Glide,F1,CF4,2000,0.031,562,scattered_jitter
Glide,F2,CF2,500,0.033,562,scattered_jitter
Glide,F2,CF5,4000,0.034,562,scattered_jitter
Glide,F2,CF6,8000,0.033,562,scattered_jitter
Glide,F2,CF3,1000,0.036,562,scattered_jitter
Glide,F2,CF4,2000,0.032,562,scattered_jitter
Glide,F3,CF4,2000,0.075,562,scattered_jitter
Glide,F3,CF2,500,0.081,562,scattered_jitter
Glide,F3,CF3,1000,0.07,562,scattered_jitter
Glide,F3,CF1,250,0.116,562,scattered_jitter
Glide,F3,CF5,4000,0.087,562,scattered_jitter
Glide,F3,CF6,8000,0.122,562,scattered_jitter
Syllabic Consonant,F1,CF1,250,0.11,31,loss
Syllabic Consonant,F1,CF2,500,0.066,31,loss
Syllabic Consonant,F1,CF3,1000,0.068,31,loss
Syllabic Consonant,F1,CF4,2000,0.078,31,loss
Syllabic Consonant,F1,CF5,4000,0.09,31,loss
Syllabic Consonant,F1,CF6,8000,0.088,31,loss
Syllabic Consonant,F2,CF1,250,0.116,31,loss
Syllabic Consonant,F2,CF2,500,0.07,31,loss
Syllabic Consonant,F2,CF3,1000,0.039,31,loss
Syllabic Consonant,F2,CF4,2000,0.063,31,loss
Syllabic Consonant,F2,CF5,4000,0.081,31,loss
Syllabic Consonant,F2,CF6,8000,0.083,31,loss
Syllabic Consonant,F3,CF1,250,0.145,31,loss
Syllabic Consonant,F3,CF2,500,0.102,31,loss
Syllabic Consonant,F3,CF3,1000,0.084,31,loss
Syllabic Consonant,F3,CF4,2000,0.102,31,loss
Syllabic Consonant,F3,CF5,4000,0.135,31,loss
Syllabic Consonant,F3,CF6,8000,0.122,31,loss
Syllabic Consonant,F1,CF1,250,0.056,17,truncation
Syllabic Consonant,F1,CF2,500,0.081,17,truncation
Syllabic Consonant,F1,CF3,1000,0.022,17,truncation
Syllabic Consonant,F1,CF4,2000,0.055,17,truncation
Syllabic Consonant,F1,CF5,4000,0.047,17,truncation
Syllabic Consonant,F1,CF6,8000,0.095,17,truncation
Syllabic Consonant,F2,CF1,250,0.089,17,truncation
Syllabic Consonant,F2,CF2,500,0.147,17,truncation
Syllabic Consonant,F2,CF3,1000,0.098,17,truncation
Syllabic Consonant,F2,CF4,2000,0.091,17,truncation
Syllabic Consonant,F2,CF5,4000,0.094,17,truncation
Syllabic Consonant,F2,CF6,8000,0.078,17,truncation
Syllabic Consonant,F3,CF1,250,0.044,17,truncation
Syllabic Consonant,F3,CF2,500,0.052,17,truncation
Syllabic Consonant,F3,CF3,1000,0.019,17,truncation
Syllabic Consonant,F3,CF4,2000,0.048,17,truncation
Syllabic Consonant,F3,CF5,4000,0.042,17,truncation
Syllabic Consonant,F3,CF6,8000,0.097,17,truncation
Syllabic Consonant,F1,CF1,250,0.076,38,jitter
Syllabic Consonant,F1,CF2,500,0.06,38,jitter
Syllabic Consonant,F1,CF3,1000,0.086,38,jitter
Syllabic Consonant,F1,CF4,2000,0.145,38,jitter
Syllabic Consonant,F1,CF5,4000,0.109,38,jitter
Syllabic Consonant,F1,CF6,8000,0.102,38,jitter
Syllabic Consonant,F2,CF1,250,0.08,38,jitter
Syllabic Consonant,F2,CF2,500,0.066,38,jitter
Syllabic Consonant,F2,CF3,1000,0.113,38,jitter
Syllabic Consonant,F2,CF4,2000,0.116,38,jitter
Syllabic Consonant,F2,CF5,4000,0.109,38,jitter
Syllabic Consonant,F2,CF6,8000,0.117,38,jitter
Syllabic Consonant,F3,CF1,250,0.119,38,jitter
Syllabic Consonant,F3,CF2,500,0.113,38,jitter
Syllabic Consonant,F3,CF3,1000,0.124,38,jitter
Syllabic Consonant,F3,CF4,2000,0.152,38,jitter
Syllabic Consonant,F3,CF5,4000,0.137,38,jitter
Syllabic Consonant,F3,CF6,8000,0.172,38,jitter
Syllabic Consonant,F1,CF1,250,0.054,31,scattered_jitter
Syllabic Consonant,F1,CF2,500,0.045,31,scattered_jitter
Syllabic Consonant,F1,CF3,1000,0.076,31,scattered_jitter
Syllabic Consonant,F1,CF4,2000,0.106,31,scattered_jitter
Syllabic Consonant,F1,CF5,4000,0.054,31,scattered_jitter
Syllabic Consonant,F1,CF6,8000,0.067,31,scattered_jitter
Syllabic Consonant,F2,CF1,250,0.094,31,scattered_jitter
Syllabic Consonant,F2,CF2,500,0.053,31,scattered_jitter
Syllabic Consonant,F2,CF3,1000,0.073,31,scattered_jitter
Syllabic Consonant,F2,CF4,2000,0.091,31,scattered_jitter
Syllabic Consonant,F2,CF5,4000,0.06,31,scattered_jitter
Syllabic Consonant,F2,CF6,8000,0.097,31,scattered_jitter
Syllabic Consonant,F3,CF1,250,0.07,31,scattered_jitter
Syllabic Consonant,F3,CF2,500,0.042,31,scattered_jitter
Syllabic Consonant,F3,CF3,1000,0.065,31,scattered_jitter
Syllabic Consonant,F3,CF4,2000,0.075,31,scattered_jitter
Syllabic Consonant,F3,CF5,4000,0.062,31,scattered_jitter
Syllabic Consonant,F3,CF6,8000,0.065,31,scattered_jitter
Affricate,F1,CF1,250,0.207,95,loss
Affricate,F1,CF2,500,0.168,95,loss
Affricate,F1,CF3,1000,0.208,95,loss
Affricate,F1,CF4,2000,0.174,95,loss
Affricate,F1,CF5,4000,0.138,95,loss
Affricate,F1,CF6,8000,0.223,95,loss
Affricate,F2,CF1,250,0.203,95,loss
Affricate,F2,CF2,500,0.166,95,loss
Affricate,F2,CF3,1000,0.207,95,loss
Affricate,F2,CF4,2000,0.169,95,loss
Affricate,F2,CF5,4000,0.135,95,loss
Affricate,F2,CF6,8000,0.218,95,loss
Affricate,F3,CF1,250,0.169,95,loss
Affricate,F3,CF2,500,0.139,95,loss
Affricate,F3,CF3,1000,0.171,95,loss
Affricate,F3,CF4,2000,0.143,95,loss
Affricate,F3,CF5,4000,0.112,95,loss
Affricate,F3,CF6,8000,0.186,95,loss
Affricate,F1,CF1,250,0.115,73,truncation
Affricate,F1,CF2,500,0.048,73,truncation
Affricate,F1,CF3,1000,0.062,73,truncation
Affricate,F1,CF4,2000,0.129,73,truncation
Affricate,F1,CF5,4000,0.069,73,truncation
Affricate,F1,CF6,8000,0.071,73,truncation
Affricate,F2,CF1,250,0.139,73,truncation
Affricate,F2,CF2,500,0.079,73,truncation
Affricate,F2,CF3,1000,0.085,73,truncation
Affricate,F2,CF4,2000,0.166,73,truncation
Affricate,F2,CF5,4000,0.108,73,truncation
Affricate,F2,CF6,8000,0.101,73,truncation
Affricate,F3,CF1,250,0.142,73,truncation
Affricate,F3,CF2,500,0.077,73,truncation
Affricate,F3,CF3,1000,0.085,73,truncation
Affricate,F3,CF4,2000,0.165,73,truncation
Affricate,F3,CF5,4000,0.107,73,truncation
Affricate,F3,CF6,8000,0.099,73,truncation
Affricate,F1,CF1,250,0.161,80,jitter
Affricate,F1,CF2,500,0.149,80,jitter
Affricate,F1,CF3,1000,0.115,80,jitter
Affricate,F1,CF4,2000,0.132,80,jitter
Affricate,F1,CF5,4000,0.103,80,jitter
Affricate,F1,CF6,8000,0.18,80,jitter
Affricate,F2,CF1,250,0.153,80,jitter
Affricate,F2,CF2,500,0.143,80,jitter
Affricate,F2,CF3,1000,0.108,80,jitter
Affricate,F2,CF4,2000,0.122,80,jitter
Affricate,F2,CF5,4000,0.104,80,jitter
Affricate,F2,CF6,8000,0.168,80,jitter
Affricate,F3,CF1,250,0.153,80,jitter
Affricate,F3,CF2,500,0.135,80,jitter
Affricate,F3,CF3,1000,0.108,80,jitter
Affricate,F3,CF4,2000,0.124,80,jitter
Affricate,F3,CF5,4000,0.102,80,jitter
Affricate,F3,CF6,8000,0.158,80,jitter
Affricate,F1,CF1,250,0.193,90,scattered_jitter
Affricate,F1,CF2,500,0.124,90,scattered_jitter
Affricate,F1,CF3,1000,0.124,90,scattered_jitter
Affricate,F1,CF4,2000,0.13,90,scattered_jitter
Affricate,F1,CF5,4000,0.14,90,scattered_jitter
Affricate,F1,CF6,8000,0.25,90,scattered_jitter
Affricate,F2,CF1,250,0.224,90,scattered_jitter
Affricate,F2,CF2,500,0.136,90,scattered_jitter
Affricate,F2,CF3,1000,0.158,90,scattered_jitter
Affricate,F2,CF4,2000,0.164,90,scattered_jitter
Affricate,F2,CF5,4000,0.165,90,scattered_jitter
Affricate,F2,CF6,8000,0.253,90,scattered_jitter
Affricate,F3,CF1,250,0.196,90,scattered_jitter
Affricate,F3,CF2,500,0.119,90,scattered_jitter
Affricate,F3,CF3,1000,0.137,90,scattered_jitter
Affricate,F3,CF4,2000,0.147,90,scattered_jitter
Affricate,F3,CF5,4000,0.153,90,scattered_jitter
Affricate,F3,CF6,8000,0.246,90,scattered_jitter
