Category,Formant,CF,CF_Freq,NoiseType,NeurogramType,GW_Distance,NumSamples,Group,Condition,NoiseLevel,NoiseLevel_Clean
Vowel,F1,CF1,250,random,Noisy,0.002,996,Healthy,Healthy random,random,Baseline (Healthy)
Vowel,F1,CF2,500,random,Noisy,0.004,996,Healthy,Healthy random,random,Baseline (Healthy)
Vowel,F1,CF3,1000,random,Noisy,0.004,996,Healthy,Healthy random,random,Baseline (Healthy)
Vowel,F1,CF4,2000,random,Noisy,0.021,996,Healthy,Healthy random,random,Baseline (Healthy)
Vowel,F1,CF5,4000,random,Noisy,0.027,996,Healthy,Healthy random,random,Baseline (Healthy)
Vowel,F1,CF6,8000,random,Noisy,0.025,996,Healthy,Healthy random,random,Baseline (Healthy)
Vowel,F2,CF1,250,random,Noisy,0.001,996,Healthy,Healthy random,random,Baseline (Healthy)
Vowel,F2,CF2,500,random,Noisy,0.005,996,Healthy,Healthy random,random,Baseline (Healthy)
Vowel,F2,CF3,1000,random,Noisy,0.002,996,Healthy,Healthy random,random,Baseline (Healthy)
Vowel,F2,CF4,2000,random,Noisy,0.015,996,Healthy,Healthy random,random,Baseline (Healthy)
Vowel,F2,CF5,4000,random,Noisy,0.018,996,Healthy,Healthy random,random,Baseline (Healthy)
Vowel,F2,CF6,8000,random,Noisy,0.017,996,Healthy,Healthy random,random,Baseline (Healthy)
Vowel,F3,CF1,250,random,Noisy,0.007,996,Healthy,Healthy random,random,Baseline (Healthy)
Vowel,F3,CF2,500,random,Noisy,0.011,996,Healthy,Healthy random,random,Baseline (Healthy)
Vowel,F3,CF3,1000,random,Noisy,0.002,996,Healthy,Healthy random,random,Baseline (Healthy)
Vowel,F3,CF4,2000,random,Noisy,0.005,996,Healthy,Healthy random,random,Baseline (Healthy)
Vowel,F3,CF5,4000,random,Noisy,0.007,996,Healthy,Healthy random,random,Baseline (Healthy)
Vowel,F3,CF6,8000,random,Noisy,0.006,996,Healthy,Healthy random,random,Baseline (Healthy)
Stop,F1,CF1,250,random,Noisy,0.046,600,Healthy,Healthy random,random,Baseline (Healthy)
Stop,F1,CF2,500,random,Noisy,0.095,600,Healthy,Healthy random,random,Baseline (Healthy)
Stop,F1,CF3,1000,random,Noisy,0.051,600,Healthy,Healthy random,random,Baseline (Healthy)
Stop,F1,CF4,2000,random,Noisy,0.024,600,Healthy,Healthy random,random,Baseline (Healthy)
Stop,F1,CF5,4000,random,Noisy,0.011,600,Healthy,Healthy random,random,Baseline (Healthy)
Stop,F1,CF6,8000,random,Noisy,0.003,600,Healthy,Healthy random,random,Baseline (Healthy)
Stop,F2,CF1,250,random,Noisy,0.041,600,Healthy,Healthy random,random,Baseline (Healthy)
Stop,F2,CF2,500,random,Noisy,0.093,600,Healthy,Healthy random,random,Baseline (Healthy)
Stop,F2,CF3,1000,random,Noisy,0.048,600,Healthy,Healthy random,random,Baseline (Healthy)
Stop,F2,CF4,2000,random,Noisy,0.02,600,Healthy,Healthy random,random,Baseline (Healthy)
Stop,F2,CF5,4000,random,Noisy,0.008,600,Healthy,Healthy random,random,Baseline (Healthy)
Stop,F2,CF6,8000,random,Noisy,0.002,600,Healthy,Healthy random,random,Baseline (Healthy)
Stop,F3,CF1,250,random,Noisy,0.072,600,Healthy,Healthy random,random,Baseline (Healthy)
Stop,F3,CF2,500,random,Noisy,0.131,600,Healthy,Healthy random,random,Baseline (Healthy)
Stop,F3,CF3,1000,random,Noisy,0.082,600,Healthy,Healthy random,random,Baseline (Healthy)
Stop,F3,CF4,2000,random,Noisy,0.044,600,Healthy,Healthy random,random,Baseline (Healthy)
Stop,F3,CF5,4000,random,Noisy,0.021,600,Healthy,Healthy random,random,Baseline (Healthy)
Stop,F3,CF6,8000,random,Noisy,0.006,600,Healthy,Healthy random,random,Baseline (Healthy)
Affricate,F1,CF1,250,random,Noisy,0.044,100,Healthy,Healthy random,random,Baseline (Healthy)
Affricate,F1,CF2,500,random,Noisy,0.049,100,Healthy,Healthy random,random,Baseline (Healthy)
Affricate,F1,CF3,1000,random,Noisy,0.069,100,Healthy,Healthy random,random,Baseline (Healthy)
Affricate,F1,CF4,2000,random,Noisy,0.032,100,Healthy,Healthy random,random,Baseline (Healthy)
Affricate,F1,CF5,4000,random,Noisy,0.02,100,Healthy,Healthy random,random,Baseline (Healthy)
Affricate,F1,CF6,8000,random,Noisy,0.014,100,Healthy,Healthy random,random,Baseline (Healthy)
Affricate,F2,CF1,250,random,Noisy,0.048,100,Healthy,Healthy random,random,Baseline (Healthy)
Affricate,F2,CF2,500,random,Noisy,0.06,100,Healthy,Healthy random,random,Baseline (Healthy)
Affricate,F2,CF3,1000,random,Noisy,0.075,100,Healthy,Healthy random,random,Baseline (Healthy)
Affricate,F2,CF4,2000,random,Noisy,0.046,100,Healthy,Healthy random,random,Baseline (Healthy)
Affricate,F2,CF5,4000,random,Noisy,0.025,100,Healthy,Healthy random,random,Baseline (Healthy)
Affricate,F2,CF6,8000,random,Noisy,0.019,100,Healthy,Healthy random,random,Baseline (Healthy)
Affricate,F3,CF1,250,random,Noisy,0.063,100,Healthy,Healthy random,random,Baseline (Healthy)
Affricate,F3,CF2,500,random,Noisy,0.058,100,Healthy,Healthy random,random,Baseline (Healthy)
Affricate,F3,CF3,1000,random,Noisy,0.073,100,Healthy,Healthy random,random,Baseline (Healthy)
Affricate,F3,CF4,2000,random,Noisy,0.046,100,Healthy,Healthy random,random,Baseline (Healthy)
Affricate,F3,CF5,4000,random,Noisy,0.025,100,Healthy,Healthy random,random,Baseline (Healthy)
Affricate,F3,CF6,8000,random,Noisy,0.023,100,Healthy,Healthy random,random,Baseline (Healthy)
Fricative,F1,CF1,250,random,Noisy,0.014,450,Healthy,Healthy random,random,Baseline (Healthy)
Fricative,F1,CF2,500,random,Noisy,0.033,450,Healthy,Healthy random,random,Baseline (Healthy)
Fricative,F1,CF3,1000,random,Noisy,0.01,450,Healthy,Healthy random,random,Baseline (Healthy)
Fricative,F1,CF4,2000,random,Noisy,0.008,450,Healthy,Healthy random,random,Baseline (Healthy)
Fricative,F1,CF5,4000,random,Noisy,0.01,450,Healthy,Healthy random,random,Baseline (Healthy)
Fricative,F1,CF6,8000,random,Noisy,0.013,450,Healthy,Healthy random,random,Baseline (Healthy)
Fricative,F2,CF1,250,random,Noisy,0.011,450,Healthy,Healthy random,random,Baseline (Healthy)
Fricative,F2,CF2,500,random,Noisy,0.033,450,Healthy,Healthy random,random,Baseline (Healthy)
Fricative,F2,CF3,1000,random,Noisy,0.006,450,Healthy,Healthy random,random,Baseline (Healthy)
Fricative,F2,CF4,2000,random,Noisy,0.002,450,Healthy,Healthy random,random,Baseline (Healthy)
Fricative,F2,CF5,4000,random,Noisy,0.003,450,Healthy,Healthy random,random,Baseline (Healthy)
Fricative,F2,CF6,8000,random,Noisy,0.004,450,Healthy,Healthy random,random,Baseline (Healthy)
Fricative,F3,CF1,250,random,Noisy,0.03,450,Healthy,Healthy random,random,Baseline (Healthy)
Fricative,F3,CF2,500,random,Noisy,0.06,450,Healthy,Healthy random,random,Baseline (Healthy)
Fricative,F3,CF3,1000,random,Noisy,0.021,450,Healthy,Healthy random,random,Baseline (Healthy)
Fricative,F3,CF4,2000,random,Noisy,0.012,450,Healthy,Healthy random,random,Baseline (Healthy)
Fricative,F3,CF5,4000,random,Noisy,0.003,450,Healthy,Healthy random,random,Baseline (Healthy)
Fricative,F3,CF6,8000,random,Noisy,0.003,450,Healthy,Healthy random,random,Baseline (Healthy)
Flap,F1,CF1,250,random,Noisy,0.033,50,Healthy,Healthy random,random,Baseline (Healthy)
Flap,F1,CF2,500,random,Noisy,0.065,50,Healthy,Healthy random,random,Baseline (Healthy)
Flap,F1,CF3,1000,random,Noisy,0.082,50,Healthy,Healthy random,random,Baseline (Healthy)
Flap,F1,CF4,2000,random,Noisy,0.048,50,Healthy,Healthy random,random,Baseline (Healthy)
Flap,F1,CF5,4000,random,Noisy,0.021,50,Healthy,Healthy random,random,Baseline (Healthy)
Flap,F1,CF6,8000,random,Noisy,0.017,50,Healthy,Healthy random,random,Baseline (Healthy)
Flap,F2,CF1,250,random,Noisy,0.028,50,Healthy,Healthy random,random,Baseline (Healthy)
Flap,F2,CF2,500,random,Noisy,0.053,50,Healthy,Healthy random,random,Baseline (Healthy)
Flap,F2,CF3,1000,random,Noisy,0.053,50,Healthy,Healthy random,random,Baseline (Healthy)
Flap,F2,CF4,2000,random,Noisy,0.016,50,Healthy,Healthy random,random,Baseline (Healthy)
Flap,F2,CF5,4000,random,Noisy,0.012,50,Healthy,Healthy random,random,Baseline (Healthy)
Flap,F2,CF6,8000,random,Noisy,0.007,50,Healthy,Healthy random,random,Baseline (Healthy)
Flap,F3,CF1,250,random,Noisy,0.044,50,Healthy,Healthy random,random,Baseline (Healthy)
Flap,F3,CF2,500,random,Noisy,0.064,50,Healthy,Healthy random,random,Baseline (Healthy)
Flap,F3,CF3,1000,random,Noisy,0.09,50,Healthy,Healthy random,random,Baseline (Healthy)
Flap,F3,CF4,2000,random,Noisy,0.04,50,Healthy,Healthy random,random,Baseline (Healthy)
Flap,F3,CF5,4000,random,Noisy,0.012,50,Healthy,Healthy random,random,Baseline (Healthy)
Flap,F3,CF6,8000,random,Noisy,0.009,50,Healthy,Healthy random,random,Baseline (Healthy)
Syllabic Consonant,F1,CF1,250,random,Noisy,0.023,50,Healthy,Healthy random,random,Baseline (Healthy)
Syllabic Consonant,F1,CF2,500,random,Noisy,0.026,50,Healthy,Healthy random,random,Baseline (Healthy)
Syllabic Consonant,F1,CF3,1000,random,Noisy,0.009,50,Healthy,Healthy random,random,Baseline (Healthy)
Syllabic Consonant,F1,CF4,2000,random,Noisy,0.009,50,Healthy,Healthy random,random,Baseline (Healthy)
Syllabic Consonant,F1,CF5,4000,random,Noisy,0.019,50,Healthy,Healthy random,random,Baseline (Healthy)
Syllabic Consonant,F1,CF6,8000,random,Noisy,0.027,50,Healthy,Healthy random,random,Baseline (Healthy)
Syllabic Consonant,F2,CF1,250,random,Noisy,0.029,50,Healthy,Healthy random,random,Baseline (Healthy)
Syllabic Consonant,F2,CF2,500,random,Noisy,0.022,50,Healthy,Healthy random,random,Baseline (Healthy)
Syllabic Consonant,F2,CF3,1000,random,Noisy,0.011,50,Healthy,Healthy random,random,Baseline (Healthy)
Syllabic Consonant,F2,CF4,2000,random,Noisy,0.028,50,Healthy,Healthy random,random,Baseline (Healthy)
Syllabic Consonant,F2,CF5,4000,random,Noisy,0.031,50,Healthy,Healthy random,random,Baseline (Healthy)
Syllabic Consonant,F2,CF6,8000,random,Noisy,0.019,50,Healthy,Healthy random,random,Baseline (Healthy)
Syllabic Consonant,F3,CF1,250,random,Noisy,0.04,50,Healthy,Healthy random,random,Baseline (Healthy)
Syllabic Consonant,F3,CF2,500,random,Noisy,0.033,50,Healthy,Healthy random,random,Baseline (Healthy)
Syllabic Consonant,F3,CF3,1000,random,Noisy,0.014,50,Healthy,Healthy random,random,Baseline (Healthy)
Syllabic Consonant,F3,CF4,2000,random,Noisy,0.026,50,Healthy,Healthy random,random,Baseline (Healthy)
Syllabic Consonant,F3,CF5,4000,random,Noisy,0.038,50,Healthy,Healthy random,random,Baseline (Healthy)
Syllabic Consonant,F3,CF6,8000,random,Noisy,0.033,50,Healthy,Healthy random,random,Baseline (Healthy)
Nasal,F1,CF1,250,random,Noisy,0.04,256,Healthy,Healthy random,random,Baseline (Healthy)
Nasal,F1,CF2,500,random,Noisy,0.04,256,Healthy,Healthy random,random,Baseline (Healthy)
Nasal,F1,CF3,1000,random,Noisy,0.011,256,Healthy,Healthy random,random,Baseline (Healthy)
Nasal,F1,CF4,2000,random,Noisy,0.003,256,Healthy,Healthy random,random,Baseline (Healthy)
Nasal,F1,CF5,4000,random,Noisy,0.006,256,Healthy,Healthy random,random,Baseline (Healthy)
Nasal,F1,CF6,8000,random,Noisy,0.005,256,Healthy,Healthy random,random,Baseline (Healthy)
Nasal,F2,CF1,250,random,Noisy,0.039,256,Healthy,Healthy random,random,Baseline (Healthy)
Nasal,F2,CF2,500,random,Noisy,0.044,256,Healthy,Healthy random,random,Baseline (Healthy)
Nasal,F2,CF3,1000,random,Noisy,0.012,256,Healthy,Healthy random,random,Baseline (Healthy)
Nasal,F2,CF4,2000,random,Noisy,0.002,256,Healthy,Healthy random,random,Baseline (Healthy)
Nasal,F2,CF5,4000,random,Noisy,0.002,256,Healthy,Healthy random,random,Baseline (Healthy)
Nasal,F2,CF6,8000,random,Noisy,0.003,256,Healthy,Healthy random,random,Baseline (Healthy)
Nasal,F3,CF1,250,random,Noisy,0.089,256,Healthy,Healthy random,random,Baseline (Healthy)
Nasal,F3,CF2,500,random,Noisy,0.093,256,Healthy,Healthy random,random,Baseline (Healthy)
Nasal,F3,CF3,1000,random,Noisy,0.044,256,Healthy,Healthy random,random,Baseline (Healthy)
Nasal,F3,CF4,2000,random,Noisy,0.016,256,Healthy,Healthy random,random,Baseline (Healthy)
Nasal,F3,CF5,4000,random,Noisy,0.024,256,Healthy,Healthy random,random,Baseline (Healthy)
Nasal,F3,CF6,8000,random,Noisy,0.012,256,Healthy,Healthy random,random,Baseline (Healthy)
Epenthetic,F1,CF1,250,random,Noisy,0.069,50,Healthy,Healthy random,random,Baseline (Healthy)
Epenthetic,F1,CF2,500,random,Noisy,0.106,50,Healthy,Healthy random,random,Baseline (Healthy)
Epenthetic,F1,CF3,1000,random,Noisy,0.08,50,Healthy,Healthy random,random,Baseline (Healthy)
Epenthetic,F1,CF4,2000,random,Noisy,0.065,50,Healthy,Healthy random,random,Baseline (Healthy)
Epenthetic,F1,CF5,4000,random,Noisy,0.029,50,Healthy,Healthy random,random,Baseline (Healthy)
Epenthetic,F1,CF6,8000,random,Noisy,0.034,50,Healthy,Healthy random,random,Baseline (Healthy)
Epenthetic,F2,CF1,250,random,Noisy,0.021,50,Healthy,Healthy random,random,Baseline (Healthy)
Epenthetic,F2,CF2,500,random,Noisy,0.034,50,Healthy,Healthy random,random,Baseline (Healthy)
Epenthetic,F2,CF3,1000,random,Noisy,0.022,50,Healthy,Healthy random,random,Baseline (Healthy)
Epenthetic,F2,CF4,2000,random,Noisy,0.015,50,Healthy,Healthy random,random,Baseline (Healthy)
Epenthetic,F2,CF5,4000,random,Noisy,0.017,50,Healthy,Healthy random,random,Baseline (Healthy)
Epenthetic,F2,CF6,8000,random,Noisy,0.017,50,Healthy,Healthy random,random,Baseline (Healthy)
Epenthetic,F3,CF1,250,random,Noisy,0.076,50,Healthy,Healthy random,random,Baseline (Healthy)
Epenthetic,F3,CF2,500,random,Noisy,0.12,50,Healthy,Healthy random,random,Baseline (Healthy)
Epenthetic,F3,CF3,1000,random,Noisy,0.096,50,Healthy,Healthy random,random,Baseline (Healthy)
Epenthetic,F3,CF4,2000,random,Noisy,0.067,50,Healthy,Healthy random,random,Baseline (Healthy)
Epenthetic,F3,CF5,4000,random,Noisy,0.044,50,Healthy,Healthy random,random,Baseline (Healthy)
Epenthetic,F3,CF6,8000,random,Noisy,0.039,50,Healthy,Healthy random,random,Baseline (Healthy)
Silence,F1,CF1,250,random,Noisy,0.078,50,Healthy,Healthy random,random,Baseline (Healthy)
Silence,F1,CF2,500,random,Noisy,0.083,50,Healthy,Healthy random,random,Baseline (Healthy)
Silence,F1,CF3,1000,random,Noisy,0.055,50,Healthy,Healthy random,random,Baseline (Healthy)
Silence,F1,CF4,2000,random,Noisy,0.058,50,Healthy,Healthy random,random,Baseline (Healthy)
Silence,F1,CF5,4000,random,Noisy,0.036,50,Healthy,Healthy random,random,Baseline (Healthy)
Silence,F1,CF6,8000,random,Noisy,0.033,50,Healthy,Healthy random,random,Baseline (Healthy)
Silence,F2,CF1,250,random,Noisy,0.022,50,Healthy,Healthy random,random,Baseline (Healthy)
Silence,F2,CF2,500,random,Noisy,0.024,50,Healthy,Healthy random,random,Baseline (Healthy)
Silence,F2,CF3,1000,random,Noisy,0.015,50,Healthy,Healthy random,random,Baseline (Healthy)
Silence,F2,CF4,2000,random,Noisy,0.025,50,Healthy,Healthy random,random,Baseline (Healthy)
Silence,F2,CF5,4000,random,Noisy,0.006,50,Healthy,Healthy random,random,Baseline (Healthy)
Silence,F2,CF6,8000,random,Noisy,0.004,50,Healthy,Healthy random,random,Baseline (Healthy)
Silence,F3,CF1,250,random,Noisy,0.045,50,Healthy,Healthy random,random,Baseline (Healthy)
Silence,F3,CF2,500,random,Noisy,0.056,50,Healthy,Healthy random,random,Baseline (Healthy)
Silence,F3,CF3,1000,random,Noisy,0.032,50,Healthy,Healthy random,random,Baseline (Healthy)
Silence,F3,CF4,2000,random,Noisy,0.032,50,Healthy,Healthy random,random,Baseline (Healthy)
Silence,F3,CF5,4000,random,Noisy,0.017,50,Healthy,Healthy random,random,Baseline (Healthy)
Silence,F3,CF6,8000,random,Noisy,0.015,50,Healthy,Healthy random,random,Baseline (Healthy)
Liquid,F1,CF1,250,random,Noisy,0.022,100,Healthy,Healthy random,random,Baseline (Healthy)
Liquid,F1,CF2,500,random,Noisy,0.025,100,Healthy,Healthy random,random,Baseline (Healthy)
Liquid,F1,CF3,1000,random,Noisy,0.015,100,Healthy,Healthy random,random,Baseline (Healthy)
Liquid,F1,CF4,2000,random,Noisy,0.03,100,Healthy,Healthy random,random,Baseline (Healthy)
Liquid,F1,CF5,4000,random,Noisy,0.058,100,Healthy,Healthy random,random,Baseline (Healthy)
Liquid,F1,CF6,8000,random,Noisy,0.079,100,Healthy,Healthy random,random,Baseline (Healthy)
Liquid,F2,CF1,250,random,Noisy,0.023,100,Healthy,Healthy random,random,Baseline (Healthy)
Liquid,F2,CF2,500,random,Noisy,0.019,100,Healthy,Healthy random,random,Baseline (Healthy)
Liquid,F2,CF3,1000,random,Noisy,0.015,100,Healthy,Healthy random,random,Baseline (Healthy)
Liquid,F2,CF4,2000,random,Noisy,0.029,100,Healthy,Healthy random,random,Baseline (Healthy)
Liquid,F2,CF5,4000,random,Noisy,0.069,100,Healthy,Healthy random,random,Baseline (Healthy)
Liquid,F2,CF6,8000,random,Noisy,0.093,100,Healthy,Healthy random,random,Baseline (Healthy)
Liquid,F3,CF1,250,random,Noisy,0.005,100,Healthy,Healthy random,random,Baseline (Healthy)
Liquid,F3,CF2,500,random,Noisy,0.014,100,Healthy,Healthy random,random,Baseline (Healthy)
Liquid,F3,CF3,1000,random,Noisy,0.005,100,Healthy,Healthy random,random,Baseline (Healthy)
Liquid,F3,CF4,2000,random,Noisy,0.014,100,Healthy,Healthy random,random,Baseline (Healthy)
Liquid,F3,CF5,4000,random,Noisy,0.035,100,Healthy,Healthy random,random,Baseline (Healthy)
Liquid,F3,CF6,8000,random,Noisy,0.055,100,Healthy,Healthy random,random,Baseline (Healthy)
Glottal Stop,F1,CF1,250,random,Noisy,0.015,50,Healthy,Healthy random,random,Baseline (Healthy)
Glottal Stop,F1,CF2,500,random,Noisy,0.01,50,Healthy,Healthy random,random,Baseline (Healthy)
Glottal Stop,F1,CF3,1000,random,Noisy,0.011,50,Healthy,Healthy random,random,Baseline (Healthy)
Glottal Stop,F1,CF4,2000,random,Noisy,0.021,50,Healthy,Healthy random,random,Baseline (Healthy)
Glottal Stop,F1,CF5,4000,random,Noisy,0.024,50,Healthy,Healthy random,random,Baseline (Healthy)
Glottal Stop,F1,CF6,8000,random,Noisy,0.013,50,Healthy,Healthy random,random,Baseline (Healthy)
Glottal Stop,F2,CF1,250,random,Noisy,0.02,50,Healthy,Healthy random,random,Baseline (Healthy)
Glottal Stop,F2,CF2,500,random,Noisy,0.018,50,Healthy,Healthy random,random,Baseline (Healthy)
Glottal Stop,F2,CF3,1000,random,Noisy,0.005,50,Healthy,Healthy random,random,Baseline (Healthy)
Glottal Stop,F2,CF4,2000,random,Noisy,0.03,50,Healthy,Healthy random,random,Baseline (Healthy)
Glottal Stop,F2,CF5,4000,random,Noisy,0.017,50,Healthy,Healthy random,random,Baseline (Healthy)
Glottal Stop,F2,CF6,8000,random,Noisy,0.015,50,Healthy,Healthy random,random,Baseline (Healthy)
Glottal Stop,F3,CF1,250,random,Noisy,0.005,50,Healthy,Healthy random,random,Baseline (Healthy)
Glottal Stop,F3,CF2,500,random,Noisy,0.038,50,Healthy,Healthy random,random,Baseline (Healthy)
Glottal Stop,F3,CF3,1000,random,Noisy,0.017,50,Healthy,Healthy random,random,Baseline (Healthy)
Glottal Stop,F3,CF4,2000,random,Noisy,0.008,50,Healthy,Healthy random,random,Baseline (Healthy)
Glottal Stop,F3,CF5,4000,random,Noisy,0.005,50,Healthy,Healthy random,random,Baseline (Healthy)
Glottal Stop,F3,CF6,8000,random,Noisy,0.011,50,Healthy,Healthy random,random,Baseline (Healthy)
Glide,F1,CF1,250,random,Noisy,0.02,100,Healthy,Healthy random,random,Baseline (Healthy)
Glide,F1,CF2,500,random,Noisy,0.016,100,Healthy,Healthy random,random,Baseline (Healthy)
Glide,F1,CF3,1000,random,Noisy,0.021,100,Healthy,Healthy random,random,Baseline (Healthy)
Glide,F1,CF4,2000,random,Noisy,0.021,100,Healthy,Healthy random,random,Baseline (Healthy)
Glide,F1,CF5,4000,random,Noisy,0.05,100,Healthy,Healthy random,random,Baseline (Healthy)
Glide,F1,CF6,8000,random,Noisy,0.048,100,Healthy,Healthy random,random,Baseline (Healthy)
Glide,F2,CF1,250,random,Noisy,0.035,100,Healthy,Healthy random,random,Baseline (Healthy)
Glide,F2,CF2,500,random,Noisy,0.05,100,Healthy,Healthy random,random,Baseline (Healthy)
Glide,F2,CF3,1000,random,Noisy,0.049,100,Healthy,Healthy random,random,Baseline (Healthy)
Glide,F2,CF4,2000,random,Noisy,0.05,100,Healthy,Healthy random,random,Baseline (Healthy)
Glide,F2,CF5,4000,random,Noisy,0.088,100,Healthy,Healthy random,random,Baseline (Healthy)
Glide,F2,CF6,8000,random,Noisy,0.095,100,Healthy,Healthy random,random,Baseline (Healthy)
Glide,F3,CF1,250,random,Noisy,0.018,100,Healthy,Healthy random,random,Baseline (Healthy)
Glide,F3,CF2,500,random,Noisy,0.022,100,Healthy,Healthy random,random,Baseline (Healthy)
Glide,F3,CF3,1000,random,Noisy,0.017,100,Healthy,Healthy random,random,Baseline (Healthy)
Glide,F3,CF4,2000,random,Noisy,0.02,100,Healthy,Healthy random,random,Baseline (Healthy)
Glide,F3,CF5,4000,random,Noisy,0.029,100,Healthy,Healthy random,random,Baseline (Healthy)
Glide,F3,CF6,8000,random,Noisy,0.034,100,Healthy,Healthy random,random,Baseline (Healthy)
